frame.number,frame.time_epoch,ip.src,ip.dst,_ws.col.Protocol,frame.len,_ws.col.Info
"1","1633004434.522877000",,,"ICMPv6","70","Router Solicitation from c2:53:8d:73:fa:18"
"2","1633004445.997250000","172.17.0.3","172.17.0.5","UDP (NDN)","148","Interest /ndn/edu/usalp/%C1.Router/router4/nlsr/INFO/%07%24%08%03ndn%08%03edu%08%05usalp%08%08%C1.Router%08%07router2"
"3","1633004445.999385000","172.17.0.5","172.17.0.3","UDP (NDN)","295","Data /ndn/edu/usalp/%C1.Router/router4/nlsr/INFO/%07%24%08%03ndn%08%03edu%08%05usalp%08%08%C1.Router%08%07router2/35=%00%00%01%7C6%A6a."
"4","1633004447.637161000","172.17.0.3","172.17.0.5","UDP (NDN)","83","Interest /ndn/edu/uaslp/univ/class6"
"5","1633004447.637431000","172.17.0.5","172.17.0.8","UDP (NDN)","83","Interest /ndn/edu/uaslp/univ/class6"
"6","1633004447.638883000","172.17.0.8","172.17.0.5","UDP (NDN)","231","Data /ndn/edu/uaslp/univ/class6"
"7","1633004447.639127000","172.17.0.5","172.17.0.3","UDP (NDN)","231","Data /ndn/edu/uaslp/univ/class6"
"8","1633004448.140909000","172.17.0.3","172.17.0.5","UDP (NDN)","631","Interest /localhop/ndn/nlsr/sync/35=%0A/x%DAc%60%40%01L%5D%D9%86%8C%8F%14%95%9F3%10%07%18%D9%1B%8C%82%CF%A7o%FC%0AbO%90%08%D8%D2%BB%E1%F2%27%909%939%AE%A6%A5%BE%7B%E7%00%12o%8F%08%8A%11%AD%9F%3A%09%C46%C9%8Ey%2C%FB6h%13%BA96%9D%82%13%B6%5D%2F%F9%05b%9F%5B%5B%2Cx%E4%F5%3Eyt5f%AE%AE%16%D2%8E%DA%27%18H%07%8C%EF%FD%3A%EBT%AEn%99%0Fb%7B%5EX%DE%B9y%BD%F0%1C%90%3B%AF%CA%BF_%B9%9B%2Bj1%90%CD%ECu%DE%E8%E3%9F%07%DE%29%E8z%B9%247%06%AD%AA%BB%7F%15%9F%F9%EB%13%A6%9D%7BZ%B82%01%C4%5E%EE%7F%B5cb%7F%D5v45LS%F5%D6%F7%3CN%FF%A3%0BR%F3%F6E%A4%93%ED%7F%97%5E%10%BB%20q%93l%C5y_%26t3%EF.x%E0%93Xv%27%12%C4%0Ei%3E%BA%F8NV%60%27%1E70%D9%18%0A%2F%3D%98%D5%22%09R%EF%FB%96%E3%5E%D7%2C%89%8Dx%DC%83%A2w6%F7%29%DD%1Fs~_B%0B%1F%94pCr3%CB%DE%E8%D8%7B%EB%CEO%8Ed%A0%1E%60-w%A9%17%CA%5B%FC%F8%22%1E5%2C%DB%AD%C2%A3J%23%0B%B2%89%0C%13b%D2%0CJ%1A%B6%E0%D1%FD%C2%A8%7Ds%069i%0C%29%FD%A3%88%FF%FD%C7%FE%2Fm%E6%E2%40t%F1%3D_%8A%ABN%FA%DF%D4%02%B1%83%BA6%D7%EA%3C%2FvA%CF%2F8%D2%1Ec6%AFR%B3%89%84%B9%3C%3E%F7%E0%C8kL%F5%FEO%3F%CD8%F82%10-%DF1%9D%99z0%7Dc%C3%14%0D4%F5%CC%EA%D3%B7%B6%7BO%8F%BB%80%96%26q%DA%2B%AA%FB%95%F1%7B%F1%DB%3B%203%13E%26_%9C%97%F6%E2%14%BA%1B%EC%A4%BE~%2AQ%7B%22%8C.%BE%AC%F6v%B2%A3%E8%C3d%909%01%0BC%B5f%AE%16%F6C%CB_%28v%F1f%94%F4%AA%97%5C%FDCN%7C%ADf%F91%29%E5%A8%F9%0DP%BA%9A_%A0%BB%F8%C6%C9%BF2%E4%98%83%9C%97%91%E2%1A9%EF%10%03%98%96%C5%8A%F6L%FB%F8%C3%0AY%10%00%9B%99%FD%24"
"9","1633004448.454716000","172.17.0.5","172.17.0.3","UDP (NDN)","631","Interest /localhop/ndn/nlsr/sync/35=%0A/x%DAc%60%40%01L%5D%D9%86%8C%8F%14%95%9F3%10%07%18%D9%1B%8C%82%CF%A7o%FC%0AbO%90%08%D8%D2%BB%E1%F2%27%909%939%AE%A6%A5%BE%7B%E7%00%12o%8F%08%8A%11%AD%9F%3A%09%C46%C9%8Ey%2C%FB6h%13%BA96%9D%82%13%B6%5D%2F%F9%05b%9F%5B%5B%2Cx%E4%F5%3Eyt5f%AE%AE%16%D2%8E%DA%27%18H%07%8C%EF%FD%3A%EBT%AEn%99%0Fb%7B%5EX%DE%B9y%BD%F0%1C%90%3B%AF%CA%BF_%B9%9B%2Bj1%90%CD%ECu%DE%E8%E3%9F%07%DE%29%E8z%B9%247%06%AD%AA%BB%7F%15%9F%F9%EB%13%A6%9D%7BZ%B82%01%C4%5E%EE%7F%B5cb%7F%D5v45LS%F5%D6%F7%3CN%FF%A3%0BR%F3%F6E%A4%93%ED%7F%97%5E%10%BB%20q%93l%C5y_%26t3%EF.x%E0%93Xv%27%12%C4%0Ei%3E%BA%F8NV%60%27%1E70%D9%18%0A%2F%3D%98%D5%22%09R%EF%FB%96%E3%5E%D7%2C%89%8Dx%DC%83%A2w6%F7%29%DD%1Fs~_B%0B%1F%94pCr3%CB%DE%E8%D8%7B%EB%CEO%8Ed%A0%1E%60-w%A9%17%CA%5B%FC%F8%22%1E5%2C%DB%AD%C2%A3J%23%0B%B2%89%0C%13b%D2%0CJ%1A%B6%E0%D1%FD%C2%A8%7Ds%069i%0C%29%FD%A3%88%FF%FD%C7%FE%2Fm%E6%E2%40t%F1%3D_%8A%ABN%FA%DF%D4%02%B1%83%BA6%D7%EA%3C%2FvA%CF%2F8%D2%1Ec6%AFR%B3%89%84%B9%3C%3E%F7%E0%C8kL%F5%FEO%3F%CD8%F82%10-%DF1%9D%99z0%7Dc%C3%14%0D4%F5%CC%EA%D3%B7%B6%7BO%8F%BB%80%96%26q%DA%2B%AA%FB%95%F1%7B%F1%DB%3B%203%13E%26_%9C%97%F6%E2%14%BA%1B%EC%A4%BE~%2AQ%7B%22%8C.%BE%AC%F6v%B2%A3%E8%C3d%909%01%0BC%B5f%AE%16%F6C%CB_%28v%F1f%94%F4%AA%97%5C%FDCN%7C%ADf%F91%29%E5%A8%F9%0DP%BA%9A_%A0%BB%F8%C6%C9%BF2%E4%98%83%9C%97%91%E2%1A9%EF%10%03%98%96%C5%8A%F6L%FB%F8%C3%0AY%10%00%9B%99%FD%24"
"10","1633004448.455010000","172.17.0.5","172.17.0.8","UDP (NDN)","631","Interest /localhop/ndn/nlsr/sync/35=%0A/x%DAc%60%40%01L%5D%D9%86%8C%8F%14%95%9F3%10%07%18%D9%1B%8C%82%CF%A7o%FC%0AbO%90%08%D8%D2%BB%E1%F2%27%909%939%AE%A6%A5%BE%7B%E7%00%12o%8F%08%8A%11%AD%9F%3A%09%C46%C9%8Ey%2C%FB6h%13%BA96%9D%82%13%B6%5D%2F%F9%05b%9F%5B%5B%2Cx%E4%F5%3Eyt5f%AE%AE%16%D2%8E%DA%27%18H%07%8C%EF%FD%3A%EBT%AEn%99%0Fb%7B%5EX%DE%B9y%BD%F0%1C%90%3B%AF%CA%BF_%B9%9B%2Bj1%90%CD%ECu%DE%E8%E3%9F%07%DE%29%E8z%B9%247%06%AD%AA%BB%7F%15%9F%F9%EB%13%A6%9D%7BZ%B82%01%C4%5E%EE%7F%B5cb%7F%D5v45LS%F5%D6%F7%3CN%FF%A3%0BR%F3%F6E%A4%93%ED%7F%97%5E%10%BB%20q%93l%C5y_%26t3%EF.x%E0%93Xv%27%12%C4%0Ei%3E%BA%F8NV%60%27%1E70%D9%18%0A%2F%3D%98%D5%22%09R%EF%FB%96%E3%5E%D7%2C%89%8Dx%DC%83%A2w6%F7%29%DD%1Fs~_B%0B%1F%94pCr3%CB%DE%E8%D8%7B%EB%CEO%8Ed%A0%1E%60-w%A9%17%CA%5B%FC%F8%22%1E5%2C%DB%AD%C2%A3J%23%0B%B2%89%0C%13b%D2%0CJ%1A%B6%E0%D1%FD%C2%A8%7Ds%069i%0C%29%FD%A3%88%FF%FD%C7%FE%2Fm%E6%E2%40t%F1%3D_%8A%ABN%FA%DF%D4%02%B1%83%BA6%D7%EA%3C%2FvA%CF%2F8%D2%1Ec6%AFR%B3%89%84%B9%3C%3E%F7%E0%C8kL%F5%FEO%3F%CD8%F82%10-%DF1%9D%99z0%7Dc%C3%14%0D4%F5%CC%EA%D3%B7%B6%7BO%8F%BB%80%96%26q%DA%2B%AA%FB%95%F1%7B%F1%DB%3B%203%13E%26_%9C%97%F6%E2%14%BA%1B%EC%A4%BE~%2AQ%7B%22%8C.%BE%AC%F6v%B2%A3%E8%C3d%909%01%0BC%B5f%AE%16%F6C%CB_%28v%F1f%94%F4%AA%97%5C%FDCN%7C%ADf%F91%29%E5%A8%F9%0DP%BA%9A_%A0%BB%F8%C6%C9%BF2%E4%98%83%9C%97%91%E2%1A9%EF%10%03%98%96%C5%8A%F6L%FB%F8%C3%0AY%10%00%9B%99%FD%24"
"11","1633004448.475077000","172.17.0.8","172.17.0.5","UDP (NDN)","631","Interest /localhop/ndn/nlsr/sync/35=%0A/x%DAc%60%40%01L%5D%D9%86%8C%8F%14%95%9F3%10%07%18%D9%1B%8C%82%CF%A7o%FC%0AbO%90%08%D8%D2%BB%E1%F2%27%909%939%AE%A6%A5%BE%7B%E7%00%12o%8F%08%8A%11%AD%9F%3A%09%C46%C9%8Ey%2C%FB6h%13%BA96%9D%82%13%B6%5D%2F%F9%05b%9F%5B%5B%2Cx%E4%F5%3Eyt5f%AE%AE%16%D2%8E%DA%27%18H%07%8C%EF%FD%3A%EBT%AEn%99%0Fb%7B%5EX%DE%B9y%BD%F0%1C%90%3B%AF%CA%BF_%B9%9B%2Bj1%90%CD%ECu%DE%E8%E3%9F%07%DE%29%E8z%B9%247%06%AD%AA%BB%7F%15%9F%F9%EB%13%A6%9D%7BZ%B82%01%C4%5E%EE%7F%B5cb%7F%D5v45LS%F5%D6%F7%3CN%FF%A3%0BR%F3%F6E%A4%93%ED%7F%97%5E%10%BB%20q%93l%C5y_%26t3%EF.x%E0%93Xv%27%12%C4%0Ei%3E%BA%F8NV%60%27%1E70%D9%18%0A%2F%3D%98%D5%22%09R%EF%FB%96%E3%5E%D7%2C%89%8Dx%DC%83%A2w6%F7%29%DD%1Fs~_B%0B%1F%94pCr3%CB%DE%E8%D8%7B%EB%CEO%8Ed%A0%1E%60-w%A9%17%CA%5B%FC%F8%22%1E5%2C%DB%AD%C2%A3J%23%0B%B2%89%0C%13b%D2%0CJ%1A%B6%E0%D1%FD%C2%A8%7Ds%069i%0C%29%FD%A3%88%FF%FD%C7%FE%2Fm%E6%E2%40t%F1%3D_%8A%ABN%FA%DF%D4%02%B1%83%BA6%D7%EA%3C%2FvA%CF%2F8%D2%1Ec6%AFR%B3%89%84%B9%3C%3E%F7%E0%C8kL%F5%FEO%3F%CD8%F82%10-%DF1%9D%99z0%7Dc%C3%14%0D4%F5%CC%EA%D3%B7%B6%7BO%8F%BB%80%96%26q%DA%2B%AA%FB%95%F1%7B%F1%DB%3B%203%13E%26_%9C%97%F6%E2%14%BA%1B%EC%A4%BE~%2AQ%7B%22%8C.%BE%AC%F6v%B2%A3%E8%C3d%909%01%0BC%B5f%AE%16%F6C%CB_%28v%F1f%94%F4%AA%97%5C%FDCN%7C%ADf%F91%29%E5%A8%F9%0DP%BA%9A_%A0%BB%F8%C6%C9%BF2%E4%98%83%9C%97%91%E2%1A9%EF%10%03%98%96%C5%8A%F6L%FB%F8%C3%0AY%10%00%9B%99%FD%24"
"12","1633004449.675334000","172.17.0.3","172.17.0.5","UDP (NDN)","85","Interest /ndn/edu/uaslp/move/moving06"
"13","1633004449.675666000","172.17.0.5","172.17.0.8","UDP (NDN)","85","Interest /ndn/edu/uaslp/move/moving06"
"14","1633004449.676798000","172.17.0.8","172.17.0.5","UDP (NDN)","236","Data /ndn/edu/uaslp/move/moving06"
"15","1633004449.677160000","172.17.0.5","172.17.0.3","UDP (NDN)","236","Data /ndn/edu/uaslp/move/moving06"
"16","1633004451.400760000",,,"ARP","42","Who has 172.17.0.3? Tell 172.17.0.5"
"17","1633004451.400811000",,,"ARP","42","Who has 172.17.0.5? Tell 172.17.0.3"
"18","1633004451.400818000",,,"ARP","42","172.17.0.5 is at 02:42:ac:11:00:05"
"19","1633004451.400876000",,,"ARP","42","172.17.0.3 is at 02:42:ac:11:00:03"
"20","1633004452.934844000",,,"ARP","42","Who has 172.17.0.8? Tell 172.17.0.5"
"21","1633004452.934906000",,,"ARP","42","Who has 172.17.0.5? Tell 172.17.0.8"
"22","1633004452.934920000",,,"ARP","42","172.17.0.5 is at 02:42:ac:11:00:05"
"23","1633004452.934946000",,,"ARP","42","172.17.0.8 is at 02:42:ac:11:00:08"
"24","1633004454.110978000","172.17.0.5","172.17.0.3","UDP (NDN)","148","Interest /ndn/edu/usalp/%C1.Router/router2/nlsr/INFO/%07%24%08%03ndn%08%03edu%08%05usalp%08%08%C1.Router%08%07router4"
"25","1633004454.111422000","172.17.0.5","172.17.0.8","UDP (NDN)","148","Interest /ndn/edu/usalp/%C1.Router/router7/nlsr/INFO/%07%24%08%03ndn%08%03edu%08%05usalp%08%08%C1.Router%08%07router4"
"26","1633004454.112970000","172.17.0.8","172.17.0.5","UDP (NDN)","295","Data /ndn/edu/usalp/%C1.Router/router7/nlsr/INFO/%07%24%08%03ndn%08%03edu%08%05usalp%08%08%C1.Router%08%07router4/35=%00%00%01%7C6%A6%80%E0"
"27","1633004454.113542000","172.17.0.3","172.17.0.5","UDP (NDN)","296","Data /ndn/edu/usalp/%C1.Router/router2/nlsr/INFO/%07%24%08%03ndn%08%03edu%08%05usalp%08%08%C1.Router%08%07router4/35=%00%00%01%7C6%A6%80%E0"
"28","1633004454.789671000","172.17.0.3","172.17.0.5","UDP (NDN)","83","Interest /ndn/edu/uaslp/univ/class8"
"29","1633004454.789898000","172.17.0.5","172.17.0.8","UDP (NDN)","83","Interest /ndn/edu/uaslp/univ/class8"
"30","1633004454.791270000","172.17.0.8","172.17.0.5","UDP (NDN)","231","Data /ndn/edu/uaslp/univ/class8"
"31","1633004454.791509000","172.17.0.5","172.17.0.3","UDP (NDN)","231","Data /ndn/edu/uaslp/univ/class8"
"32","1633004456.114030000","172.17.0.3","172.17.0.5","UDP (NDN)","148","Interest /ndn/edu/usalp/%C1.Router/router4/nlsr/INFO/%07%24%08%03ndn%08%03edu%08%05usalp%08%08%C1.Router%08%07router2"
"33","1633004456.116069000","172.17.0.5","172.17.0.3","UDP (NDN)","295","Data /ndn/edu/usalp/%C1.Router/router4/nlsr/INFO/%07%24%08%03ndn%08%03edu%08%05usalp%08%08%C1.Router%08%07router2/35=%00%00%01%7C6%A6%88%B3"
"34","1633004462.962712000","172.17.0.3","172.17.0.5","UDP (NDN)","85","Interest /ndn/edu/uaslp/move/moving03"
"35","1633004462.962944000","172.17.0.5","172.17.0.8","UDP (NDN)","85","Interest /ndn/edu/uaslp/move/moving03"
"36","1633004462.964514000","172.17.0.8","172.17.0.5","UDP (NDN)","237","Data /ndn/edu/uaslp/move/moving03"
"37","1633004462.964830000","172.17.0.5","172.17.0.3","UDP (NDN)","237","Data /ndn/edu/uaslp/move/moving03"
"38","1633004466.301848000","172.17.0.8","172.17.0.5","UDP (NDN)","148","Interest /ndn/edu/usalp/%C1.Router/router4/nlsr/INFO/%07%24%08%03ndn%08%03edu%08%05usalp%08%08%C1.Router%08%07router7"
"39","1633004466.304170000","172.17.0.5","172.17.0.8","UDP (NDN)","296","Data /ndn/edu/usalp/%C1.Router/router4/nlsr/INFO/%07%24%08%03ndn%08%03edu%08%05usalp%08%08%C1.Router%08%07router7/35=%00%00%01%7C6%A6%B0%7F"
"40","1633004468.065180000","172.17.0.3","172.17.0.5","UDP (NDN)","83","Interest /ndn/edu/uaslp/univ/class3"
"41","1633004468.065346000","172.17.0.5","172.17.0.8","UDP (NDN)","83","Interest /ndn/edu/uaslp/univ/class3"
"42","1633004468.066707000","172.17.0.8","172.17.0.5","UDP (NDN)","233","Data /ndn/edu/uaslp/univ/class3"
"43","1633004468.066950000","172.17.0.5","172.17.0.3","UDP (NDN)","233","Data /ndn/edu/uaslp/univ/class3"
"44","1633004468.305609000","172.17.0.5","172.17.0.8","UDP (NDN)","148","Interest /ndn/edu/usalp/%C1.Router/router7/nlsr/INFO/%07%24%08%03ndn%08%03edu%08%05usalp%08%08%C1.Router%08%07router4"
"45","1633004468.307408000","172.17.0.8","172.17.0.5","UDP (NDN)","295","Data /ndn/edu/usalp/%C1.Router/router7/nlsr/INFO/%07%24%08%03ndn%08%03edu%08%05usalp%08%08%C1.Router%08%07router4/35=%00%00%01%7C6%A6%B8R"
"46","1633004473.168335000","172.17.0.3","172.17.0.5","UDP (NDN)","85","Interest /ndn/edu/uaslp/move/moving05"
"47","1633004473.168589000","172.17.0.5","172.17.0.8","UDP (NDN)","85","Interest /ndn/edu/uaslp/move/moving05"
"48","1633004473.170042000","172.17.0.8","172.17.0.5","UDP (NDN)","235","Data /ndn/edu/uaslp/move/moving05"
"49","1633004473.170336000","172.17.0.5","172.17.0.3","UDP (NDN)","235","Data /ndn/edu/uaslp/move/moving05"
"50","1633004475.213151000","172.17.0.3","172.17.0.5","UDP (NDN)","85","Interest /ndn/edu/uaslp/move/moving04"
"51","1633004475.213350000","172.17.0.5","172.17.0.8","UDP (NDN)","85","Interest /ndn/edu/uaslp/move/moving04"
"52","1633004475.214857000","172.17.0.8","172.17.0.5","UDP (NDN)","236","Data /ndn/edu/uaslp/move/moving04"
"53","1633004475.215188000","172.17.0.5","172.17.0.3","UDP (NDN)","236","Data /ndn/edu/uaslp/move/moving04"
"54","1633004478.500815000","172.17.0.3","172.17.0.5","UDP (NDN)","631","Interest /localhop/ndn/nlsr/sync/35=%0A/x%DAc%60%40%01L%5D%D9%86%8C%8F%14%95%9F3%10%07%18%D9%1B%8C%82%CF%A7o%FC%0AbO%90%08%D8%D2%BB%E1%F2%27%909%939%AE%A6%A5%BE%7B%E7%00%12o%8F%08%8A%11%AD%9F%3A%09%C46%C9%8Ey%2C%FB6h%13%BA96%9D%82%13%B6%5D%2F%F9%05b%9F%5B%5B%2Cx%E4%F5%3Eyt5f%AE%AE%16%D2%8E%DA%27%18H%07%8C%EF%FD%3A%EBT%AEn%99%0Fb%7B%5EX%DE%B9y%BD%F0%1C%90%3B%AF%CA%BF_%B9%9B%2Bj1%90%CD%ECu%DE%E8%E3%9F%07%DE%29%E8z%B9%247%06%AD%AA%BB%7F%15%9F%F9%EB%13%A6%9D%7BZ%B82%01%C4%5E%EE%7F%B5cb%7F%D5v45LS%F5%D6%F7%3CN%FF%A3%0BR%F3%F6E%A4%93%ED%7F%97%5E%10%BB%20q%93l%C5y_%26t3%EF.x%E0%93Xv%27%12%C4%0Ei%3E%BA%F8NV%60%27%1E70%D9%18%0A%2F%3D%98%D5%22%09R%EF%FB%96%E3%5E%D7%2C%89%8Dx%DC%83%A2w6%F7%29%DD%1Fs~_B%0B%1F%94pCr3%CB%DE%E8%D8%7B%EB%CEO%8Ed%A0%1E%60-w%A9%17%CA%5B%FC%F8%22%1E5%2C%DB%AD%C2%A3J%23%0B%B2%89%0C%13b%D2%0CJ%1A%B6%E0%D1%FD%C2%A8%7Ds%069i%0C%29%FD%A3%88%FF%FD%C7%FE%2Fm%E6%E2%40t%F1%3D_%8A%ABN%FA%DF%D4%02%B1%83%BA6%D7%EA%3C%2FvA%CF%2F8%D2%1Ec6%AFR%B3%89%84%B9%3C%3E%F7%E0%C8kL%F5%FEO%3F%CD8%F82%10-%DF1%9D%99z0%7Dc%C3%14%0D4%F5%CC%EA%D3%B7%B6%7BO%8F%BB%80%96%26q%DA%2B%AA%FB%95%F1%7B%F1%DB%3B%203%13E%26_%9C%97%F6%E2%14%BA%1B%EC%A4%BE~%2AQ%7B%22%8C.%BE%AC%F6v%B2%A3%E8%C3d%909%01%0BC%B5f%AE%16%F6C%CB_%28v%F1f%94%F4%AA%97%5C%FDCN%7C%ADf%F91%29%E5%A8%F9%0DP%BA%9A_%A0%BB%F8%C6%C9%BF2%E4%98%83%9C%97%91%E2%1A9%EF%10%03%98%96%C5%8A%F6L%FB%F8%C3%0AY%10%00%9B%99%FD%24"
"55","1633004478.510822000",,,"ARP","42","Who has 172.17.0.5? Tell 172.17.0.3"
"56","1633004478.510843000",,,"ARP","42","172.17.0.5 is at 02:42:ac:11:00:05"
"57","1633004478.664091000","172.17.0.8","172.17.0.5","UDP (NDN)","631","Interest /localhop/ndn/nlsr/sync/35=%0A/x%DAc%60%40%01L%5D%D9%86%8C%8F%14%95%9F3%10%07%18%D9%1B%8C%82%CF%A7o%FC%0AbO%90%08%D8%D2%BB%E1%F2%27%909%939%AE%A6%A5%BE%7B%E7%00%12o%8F%08%8A%11%AD%9F%3A%09%C46%C9%8Ey%2C%FB6h%13%BA96%9D%82%13%B6%5D%2F%F9%05b%9F%5B%5B%2Cx%E4%F5%3Eyt5f%AE%AE%16%D2%8E%DA%27%18H%07%8C%EF%FD%3A%EBT%AEn%99%0Fb%7B%5EX%DE%B9y%BD%F0%1C%90%3B%AF%CA%BF_%B9%9B%2Bj1%90%CD%ECu%DE%E8%E3%9F%07%DE%29%E8z%B9%247%06%AD%AA%BB%7F%15%9F%F9%EB%13%A6%9D%7BZ%B82%01%C4%5E%EE%7F%B5cb%7F%D5v45LS%F5%D6%F7%3CN%FF%A3%0BR%F3%F6E%A4%93%ED%7F%97%5E%10%BB%20q%93l%C5y_%26t3%EF.x%E0%93Xv%27%12%C4%0Ei%3E%BA%F8NV%60%27%1E70%D9%18%0A%2F%3D%98%D5%22%09R%EF%FB%96%E3%5E%D7%2C%89%8Dx%DC%83%A2w6%F7%29%DD%1Fs~_B%0B%1F%94pCr3%CB%DE%E8%D8%7B%EB%CEO%8Ed%A0%1E%60-w%A9%17%CA%5B%FC%F8%22%1E5%2C%DB%AD%C2%A3J%23%0B%B2%89%0C%13b%D2%0CJ%1A%B6%E0%D1%FD%C2%A8%7Ds%069i%0C%29%FD%A3%88%FF%FD%C7%FE%2Fm%E6%E2%40t%F1%3D_%8A%ABN%FA%DF%D4%02%B1%83%BA6%D7%EA%3C%2FvA%CF%2F8%D2%1Ec6%AFR%B3%89%84%B9%3C%3E%F7%E0%C8kL%F5%FEO%3F%CD8%F82%10-%DF1%9D%99z0%7Dc%C3%14%0D4%F5%CC%EA%D3%B7%B6%7BO%8F%BB%80%96%26q%DA%2B%AA%FB%95%F1%7B%F1%DB%3B%203%13E%26_%9C%97%F6%E2%14%BA%1B%EC%A4%BE~%2AQ%7B%22%8C.%BE%AC%F6v%B2%A3%E8%C3d%909%01%0BC%B5f%AE%16%F6C%CB_%28v%F1f%94%F4%AA%97%5C%FDCN%7C%ADf%F91%29%E5%A8%F9%0DP%BA%9A_%A0%BB%F8%C6%C9%BF2%E4%98%83%9C%97%91%E2%1A9%EF%10%03%98%96%C5%8A%F6L%FB%F8%C3%0AY%10%00%9B%99%FD%24"
"58","1633004478.862636000","172.17.0.5","172.17.0.3","UDP (NDN)","631","Interest /localhop/ndn/nlsr/sync/35=%0A/x%DAc%60%40%01L%5D%D9%86%8C%8F%14%95%9F3%10%07%18%D9%1B%8C%82%CF%A7o%FC%0AbO%90%08%D8%D2%BB%E1%F2%27%909%939%AE%A6%A5%BE%7B%E7%00%12o%8F%08%8A%11%AD%9F%3A%09%C46%C9%8Ey%2C%FB6h%13%BA96%9D%82%13%B6%5D%2F%F9%05b%9F%5B%5B%2Cx%E4%F5%3Eyt5f%AE%AE%16%D2%8E%DA%27%18H%07%8C%EF%FD%3A%EBT%AEn%99%0Fb%7B%5EX%DE%B9y%BD%F0%1C%90%3B%AF%CA%BF_%B9%9B%2Bj1%90%CD%ECu%DE%E8%E3%9F%07%DE%29%E8z%B9%247%06%AD%AA%BB%7F%15%9F%F9%EB%13%A6%9D%7BZ%B82%01%C4%5E%EE%7F%B5cb%7F%D5v45LS%F5%D6%F7%3CN%FF%A3%0BR%F3%F6E%A4%93%ED%7F%97%5E%10%BB%20q%93l%C5y_%26t3%EF.x%E0%93Xv%27%12%C4%0Ei%3E%BA%F8NV%60%27%1E70%D9%18%0A%2F%3D%98%D5%22%09R%EF%FB%96%E3%5E%D7%2C%89%8Dx%DC%83%A2w6%F7%29%DD%1Fs~_B%0B%1F%94pCr3%CB%DE%E8%D8%7B%EB%CEO%8Ed%A0%1E%60-w%A9%17%CA%5B%FC%F8%22%1E5%2C%DB%AD%C2%A3J%23%0B%B2%89%0C%13b%D2%0CJ%1A%B6%E0%D1%FD%C2%A8%7Ds%069i%0C%29%FD%A3%88%FF%FD%C7%FE%2Fm%E6%E2%40t%F1%3D_%8A%ABN%FA%DF%D4%02%B1%83%BA6%D7%EA%3C%2FvA%CF%2F8%D2%1Ec6%AFR%B3%89%84%B9%3C%3E%F7%E0%C8kL%F5%FEO%3F%CD8%F82%10-%DF1%9D%99z0%7Dc%C3%14%0D4%F5%CC%EA%D3%B7%B6%7BO%8F%BB%80%96%26q%DA%2B%AA%FB%95%F1%7B%F1%DB%3B%203%13E%26_%9C%97%F6%E2%14%BA%1B%EC%A4%BE~%2AQ%7B%22%8C.%BE%AC%F6v%B2%A3%E8%C3d%909%01%0BC%B5f%AE%16%F6C%CB_%28v%F1f%94%F4%AA%97%5C%FDCN%7C%ADf%F91%29%E5%A8%F9%0DP%BA%9A_%A0%BB%F8%C6%C9%BF2%E4%98%83%9C%97%91%E2%1A9%EF%10%03%98%96%C5%8A%F6L%FB%F8%C3%0AY%10%00%9B%99%FD%24"
"59","1633004478.863254000","172.17.0.5","172.17.0.8","UDP (NDN)","631","Interest /localhop/ndn/nlsr/sync/35=%0A/x%DAc%60%40%01L%5D%D9%86%8C%8F%14%95%9F3%10%07%18%D9%1B%8C%82%CF%A7o%FC%0AbO%90%08%D8%D2%BB%E1%F2%27%909%939%AE%A6%A5%BE%7B%E7%00%12o%8F%08%8A%11%AD%9F%3A%09%C46%C9%8Ey%2C%FB6h%13%BA96%9D%82%13%B6%5D%2F%F9%05b%9F%5B%5B%2Cx%E4%F5%3Eyt5f%AE%AE%16%D2%8E%DA%27%18H%07%8C%EF%FD%3A%EBT%AEn%99%0Fb%7B%5EX%DE%B9y%BD%F0%1C%90%3B%AF%CA%BF_%B9%9B%2Bj1%90%CD%ECu%DE%E8%E3%9F%07%DE%29%E8z%B9%247%06%AD%AA%BB%7F%15%9F%F9%EB%13%A6%9D%7BZ%B82%01%C4%5E%EE%7F%B5cb%7F%D5v45LS%F5%D6%F7%3CN%FF%A3%0BR%F3%F6E%A4%93%ED%7F%97%5E%10%BB%20q%93l%C5y_%26t3%EF.x%E0%93Xv%27%12%C4%0Ei%3E%BA%F8NV%60%27%1E70%D9%18%0A%2F%3D%98%D5%22%09R%EF%FB%96%E3%5E%D7%2C%89%8Dx%DC%83%A2w6%F7%29%DD%1Fs~_B%0B%1F%94pCr3%CB%DE%E8%D8%7B%EB%CEO%8Ed%A0%1E%60-w%A9%17%CA%5B%FC%F8%22%1E5%2C%DB%AD%C2%A3J%23%0B%B2%89%0C%13b%D2%0CJ%1A%B6%E0%D1%FD%C2%A8%7Ds%069i%0C%29%FD%A3%88%FF%FD%C7%FE%2Fm%E6%E2%40t%F1%3D_%8A%ABN%FA%DF%D4%02%B1%83%BA6%D7%EA%3C%2FvA%CF%2F8%D2%1Ec6%AFR%B3%89%84%B9%3C%3E%F7%E0%C8kL%F5%FEO%3F%CD8%F82%10-%DF1%9D%99z0%7Dc%C3%14%0D4%F5%CC%EA%D3%B7%B6%7BO%8F%BB%80%96%26q%DA%2B%AA%FB%95%F1%7B%F1%DB%3B%203%13E%26_%9C%97%F6%E2%14%BA%1B%EC%A4%BE~%2AQ%7B%22%8C.%BE%AC%F6v%B2%A3%E8%C3d%909%01%0BC%B5f%AE%16%F6C%CB_%28v%F1f%94%F4%AA%97%5C%FDCN%7C%ADf%F91%29%E5%A8%F9%0DP%BA%9A_%A0%BB%F8%C6%C9%BF2%E4%98%83%9C%97%91%E2%1A9%EF%10%03%98%96%C5%8A%F6L%FB%F8%C3%0AY%10%00%9B%99%FD%24"
"60","1633004497.627924000","172.17.0.3","172.17.0.5","UDP (NDN)","85","Interest /ndn/edu/uaslp/move/moving01"
"61","1633004497.628189000","172.17.0.5","172.17.0.8","UDP (NDN)","85","Interest /ndn/edu/uaslp/move/moving01"
"62","1633004497.629788000","172.17.0.8","172.17.0.5","UDP (NDN)","237","Data /ndn/edu/uaslp/move/moving01"
"63","1633004497.630055000","172.17.0.5","172.17.0.3","UDP (NDN)","237","Data /ndn/edu/uaslp/move/moving01"
"64","1633004501.707126000","172.17.0.3","172.17.0.5","UDP (NDN)","83","Interest /ndn/edu/uaslp/univ/class2"
"65","1633004501.707391000","172.17.0.5","172.17.0.8","UDP (NDN)","83","Interest /ndn/edu/uaslp/univ/class2"
"66","1633004501.708928000","172.17.0.8","172.17.0.5","UDP (NDN)","231","Data /ndn/edu/uaslp/univ/class2"
"67","1633004501.709146000","172.17.0.5","172.17.0.3","UDP (NDN)","231","Data /ndn/edu/uaslp/univ/class2"
"68","1633004502.729348000","172.17.0.3","172.17.0.5","UDP (NDN)","83","Interest /ndn/edu/uaslp/univ/class7"
"69","1633004502.729610000","172.17.0.5","172.17.0.8","UDP (NDN)","83","Interest /ndn/edu/uaslp/univ/class7"
"70","1633004502.730996000","172.17.0.8","172.17.0.5","UDP (NDN)","233","Data /ndn/edu/uaslp/univ/class7"
"71","1633004502.731191000","172.17.0.5","172.17.0.3","UDP (NDN)","233","Data /ndn/edu/uaslp/univ/class7"
"72","1633004503.089833000",,,"ARP","42","Who has 172.17.0.3? Tell 172.17.0.5"
"73","1633004503.089854000",,,"ARP","42","Who has 172.17.0.8? Tell 172.17.0.5"
"74","1633004503.089885000",,,"ARP","42","Who has 172.17.0.5? Tell 172.17.0.8"
"75","1633004503.089901000",,,"ARP","42","172.17.0.5 is at 02:42:ac:11:00:05"
"76","1633004503.089941000",,,"ARP","42","172.17.0.3 is at 02:42:ac:11:00:03"
"77","1633004503.089949000",,,"ARP","42","172.17.0.8 is at 02:42:ac:11:00:08"
"78","1633004505.954689000","172.17.0.3","172.17.0.5","UDP (NDN)","148","Interest /ndn/edu/usalp/%C1.Router/router4/nlsr/INFO/%07%24%08%03ndn%08%03edu%08%05usalp%08%08%C1.Router%08%07router2"
"79","1633004505.956354000","172.17.0.5","172.17.0.3","UDP (NDN)","295","Data /ndn/edu/usalp/%C1.Router/router4/nlsr/INFO/%07%24%08%03ndn%08%03edu%08%05usalp%08%08%C1.Router%08%07router2/35=%00%00%01%7C6%A7Kc"
"80","1633004507.160830000",,,"ARP","42","Who has 172.17.0.5? Tell 172.17.0.3"
"81","1633004507.160855000",,,"ARP","42","172.17.0.5 is at 02:42:ac:11:00:05"
"82","1633004507.811543000","172.17.0.3","172.17.0.5","UDP (NDN)","85","Interest /ndn/edu/uaslp/move/moving02"
"83","1633004507.811804000","172.17.0.5","172.17.0.8","UDP (NDN)","85","Interest /ndn/edu/uaslp/move/moving02"
"84","1633004507.813370000","172.17.0.8","172.17.0.5","UDP (NDN)","236","Data /ndn/edu/uaslp/move/moving02"
"85","1633004507.813583000","172.17.0.5","172.17.0.3","UDP (NDN)","236","Data /ndn/edu/uaslp/move/moving02"
"86","1633004508.939367000","172.17.0.3","172.17.0.5","UDP (NDN)","631","Interest /localhop/ndn/nlsr/sync/35=%0A/x%DAc%60%40%01L%5D%D9%86%8C%8F%14%95%9F3%10%07%18%D9%1B%8C%82%CF%A7o%FC%0AbO%90%08%D8%D2%BB%E1%F2%27%909%939%AE%A6%A5%BE%7B%E7%00%12o%8F%08%8A%11%AD%9F%3A%09%C46%C9%8Ey%2C%FB6h%13%BA96%9D%82%13%B6%5D%2F%F9%05b%9F%5B%5B%2Cx%E4%F5%3Eyt5f%AE%AE%16%D2%8E%DA%27%18H%07%8C%EF%FD%3A%EBT%AEn%99%0Fb%7B%5EX%DE%B9y%BD%F0%1C%90%3B%AF%CA%BF_%B9%9B%2Bj1%90%CD%ECu%DE%E8%E3%9F%07%DE%29%E8z%B9%247%06%AD%AA%BB%7F%15%9F%F9%EB%13%A6%9D%7BZ%B82%01%C4%5E%EE%7F%B5cb%7F%D5v45LS%F5%D6%F7%3CN%FF%A3%0BR%F3%F6E%A4%93%ED%7F%97%5E%10%BB%20q%93l%C5y_%26t3%EF.x%E0%93Xv%27%12%C4%0Ei%3E%BA%F8NV%60%27%1E70%D9%18%0A%2F%3D%98%D5%22%09R%EF%FB%96%E3%5E%D7%2C%89%8Dx%DC%83%A2w6%F7%29%DD%1Fs~_B%0B%1F%94pCr3%CB%DE%E8%D8%7B%EB%CEO%8Ed%A0%1E%60-w%A9%17%CA%5B%FC%F8%22%1E5%2C%DB%AD%C2%A3J%23%0B%B2%89%0C%13b%D2%0CJ%1A%B6%E0%D1%FD%C2%A8%7Ds%069i%0C%29%FD%A3%88%FF%FD%C7%FE%2Fm%E6%E2%40t%F1%3D_%8A%ABN%FA%DF%D4%02%B1%83%BA6%D7%EA%3C%2FvA%CF%2F8%D2%1Ec6%AFR%B3%89%84%B9%3C%3E%F7%E0%C8kL%F5%FEO%3F%CD8%F82%10-%DF1%9D%99z0%7Dc%C3%14%0D4%F5%CC%EA%D3%B7%B6%7BO%8F%BB%80%96%26q%DA%2B%AA%FB%95%F1%7B%F1%DB%3B%203%13E%26_%9C%97%F6%E2%14%BA%1B%EC%A4%BE~%2AQ%7B%22%8C.%BE%AC%F6v%B2%A3%E8%C3d%909%01%0BC%B5f%AE%16%F6C%CB_%28v%F1f%94%F4%AA%97%5C%FDCN%7C%ADf%F91%29%E5%A8%F9%0DP%BA%9A_%A0%BB%F8%C6%C9%BF2%E4%98%83%9C%97%91%E2%1A9%EF%10%03%98%96%C5%8A%F6L%FB%F8%C3%0AY%10%00%9B%99%FD%24"
"87","1633004508.987306000","172.17.0.8","172.17.0.5","UDP (NDN)","631","Interest /localhop/ndn/nlsr/sync/35=%0A/x%DAc%60%40%01L%5D%D9%86%8C%8F%14%95%9F3%10%07%18%D9%1B%8C%82%CF%A7o%FC%0AbO%90%08%D8%D2%BB%E1%F2%27%909%939%AE%A6%A5%BE%7B%E7%00%12o%8F%08%8A%11%AD%9F%3A%09%C46%C9%8Ey%2C%FB6h%13%BA96%9D%82%13%B6%5D%2F%F9%05b%9F%5B%5B%2Cx%E4%F5%3Eyt5f%AE%AE%16%D2%8E%DA%27%18H%07%8C%EF%FD%3A%EBT%AEn%99%0Fb%7B%5EX%DE%B9y%BD%F0%1C%90%3B%AF%CA%BF_%B9%9B%2Bj1%90%CD%ECu%DE%E8%E3%9F%07%DE%29%E8z%B9%247%06%AD%AA%BB%7F%15%9F%F9%EB%13%A6%9D%7BZ%B82%01%C4%5E%EE%7F%B5cb%7F%D5v45LS%F5%D6%F7%3CN%FF%A3%0BR%F3%F6E%A4%93%ED%7F%97%5E%10%BB%20q%93l%C5y_%26t3%EF.x%E0%93Xv%27%12%C4%0Ei%3E%BA%F8NV%60%27%1E70%D9%18%0A%2F%3D%98%D5%22%09R%EF%FB%96%E3%5E%D7%2C%89%8Dx%DC%83%A2w6%F7%29%DD%1Fs~_B%0B%1F%94pCr3%CB%DE%E8%D8%7B%EB%CEO%8Ed%A0%1E%60-w%A9%17%CA%5B%FC%F8%22%1E5%2C%DB%AD%C2%A3J%23%0B%B2%89%0C%13b%D2%0CJ%1A%B6%E0%D1%FD%C2%A8%7Ds%069i%0C%29%FD%A3%88%FF%FD%C7%FE%2Fm%E6%E2%40t%F1%3D_%8A%ABN%FA%DF%D4%02%B1%83%BA6%D7%EA%3C%2FvA%CF%2F8%D2%1Ec6%AFR%B3%89%84%B9%3C%3E%F7%E0%C8kL%F5%FEO%3F%CD8%F82%10-%DF1%9D%99z0%7Dc%C3%14%0D4%F5%CC%EA%D3%B7%B6%7BO%8F%BB%80%96%26q%DA%2B%AA%FB%95%F1%7B%F1%DB%3B%203%13E%26_%9C%97%F6%E2%14%BA%1B%EC%A4%BE~%2AQ%7B%22%8C.%BE%AC%F6v%B2%A3%E8%C3d%909%01%0BC%B5f%AE%16%F6C%CB_%28v%F1f%94%F4%AA%97%5C%FDCN%7C%ADf%F91%29%E5%A8%F9%0DP%BA%9A_%A0%BB%F8%C6%C9%BF2%E4%98%83%9C%97%91%E2%1A9%EF%10%03%98%96%C5%8A%F6L%FB%F8%C3%0AY%10%00%9B%99%FD%24"
"88","1633004509.224638000","172.17.0.5","172.17.0.3","UDP (NDN)","631","Interest /localhop/ndn/nlsr/sync/35=%0A/x%DAc%60%40%01L%5D%D9%86%8C%8F%14%95%9F3%10%07%18%D9%1B%8C%82%CF%A7o%FC%0AbO%90%08%D8%D2%BB%E1%F2%27%909%939%AE%A6%A5%BE%7B%E7%00%12o%8F%08%8A%11%AD%9F%3A%09%C46%C9%8Ey%2C%FB6h%13%BA96%9D%82%13%B6%5D%2F%F9%05b%9F%5B%5B%2Cx%E4%F5%3Eyt5f%AE%AE%16%D2%8E%DA%27%18H%07%8C%EF%FD%3A%EBT%AEn%99%0Fb%7B%5EX%DE%B9y%BD%F0%1C%90%3B%AF%CA%BF_%B9%9B%2Bj1%90%CD%ECu%DE%E8%E3%9F%07%DE%29%E8z%B9%247%06%AD%AA%BB%7F%15%9F%F9%EB%13%A6%9D%7BZ%B82%01%C4%5E%EE%7F%B5cb%7F%D5v45LS%F5%D6%F7%3CN%FF%A3%0BR%F3%F6E%A4%93%ED%7F%97%5E%10%BB%20q%93l%C5y_%26t3%EF.x%E0%93Xv%27%12%C4%0Ei%3E%BA%F8NV%60%27%1E70%D9%18%0A%2F%3D%98%D5%22%09R%EF%FB%96%E3%5E%D7%2C%89%8Dx%DC%83%A2w6%F7%29%DD%1Fs~_B%0B%1F%94pCr3%CB%DE%E8%D8%7B%EB%CEO%8Ed%A0%1E%60-w%A9%17%CA%5B%FC%F8%22%1E5%2C%DB%AD%C2%A3J%23%0B%B2%89%0C%13b%D2%0CJ%1A%B6%E0%D1%FD%C2%A8%7Ds%069i%0C%29%FD%A3%88%FF%FD%C7%FE%2Fm%E6%E2%40t%F1%3D_%8A%ABN%FA%DF%D4%02%B1%83%BA6%D7%EA%3C%2FvA%CF%2F8%D2%1Ec6%AFR%B3%89%84%B9%3C%3E%F7%E0%C8kL%F5%FEO%3F%CD8%F82%10-%DF1%9D%99z0%7Dc%C3%14%0D4%F5%CC%EA%D3%B7%B6%7BO%8F%BB%80%96%26q%DA%2B%AA%FB%95%F1%7B%F1%DB%3B%203%13E%26_%9C%97%F6%E2%14%BA%1B%EC%A4%BE~%2AQ%7B%22%8C.%BE%AC%F6v%B2%A3%E8%C3d%909%01%0BC%B5f%AE%16%F6C%CB_%28v%F1f%94%F4%AA%97%5C%FDCN%7C%ADf%F91%29%E5%A8%F9%0DP%BA%9A_%A0%BB%F8%C6%C9%BF2%E4%98%83%9C%97%91%E2%1A9%EF%10%03%98%96%C5%8A%F6L%FB%F8%C3%0AY%10%00%9B%99%FD%24"
"89","1633004509.225156000","172.17.0.5","172.17.0.8","UDP (NDN)","631","Interest /localhop/ndn/nlsr/sync/35=%0A/x%DAc%60%40%01L%5D%D9%86%8C%8F%14%95%9F3%10%07%18%D9%1B%8C%82%CF%A7o%FC%0AbO%90%08%D8%D2%BB%E1%F2%27%909%939%AE%A6%A5%BE%7B%E7%00%12o%8F%08%8A%11%AD%9F%3A%09%C46%C9%8Ey%2C%FB6h%13%BA96%9D%82%13%B6%5D%2F%F9%05b%9F%5B%5B%2Cx%E4%F5%3Eyt5f%AE%AE%16%D2%8E%DA%27%18H%07%8C%EF%FD%3A%EBT%AEn%99%0Fb%7B%5EX%DE%B9y%BD%F0%1C%90%3B%AF%CA%BF_%B9%9B%2Bj1%90%CD%ECu%DE%E8%E3%9F%07%DE%29%E8z%B9%247%06%AD%AA%BB%7F%15%9F%F9%EB%13%A6%9D%7BZ%B82%01%C4%5E%EE%7F%B5cb%7F%D5v45LS%F5%D6%F7%3CN%FF%A3%0BR%F3%F6E%A4%93%ED%7F%97%5E%10%BB%20q%93l%C5y_%26t3%EF.x%E0%93Xv%27%12%C4%0Ei%3E%BA%F8NV%60%27%1E70%D9%18%0A%2F%3D%98%D5%22%09R%EF%FB%96%E3%5E%D7%2C%89%8Dx%DC%83%A2w6%F7%29%DD%1Fs~_B%0B%1F%94pCr3%CB%DE%E8%D8%7B%EB%CEO%8Ed%A0%1E%60-w%A9%17%CA%5B%FC%F8%22%1E5%2C%DB%AD%C2%A3J%23%0B%B2%89%0C%13b%D2%0CJ%1A%B6%E0%D1%FD%C2%A8%7Ds%069i%0C%29%FD%A3%88%FF%FD%C7%FE%2Fm%E6%E2%40t%F1%3D_%8A%ABN%FA%DF%D4%02%B1%83%BA6%D7%EA%3C%2FvA%CF%2F8%D2%1Ec6%AFR%B3%89%84%B9%3C%3E%F7%E0%C8kL%F5%FEO%3F%CD8%F82%10-%DF1%9D%99z0%7Dc%C3%14%0D4%F5%CC%EA%D3%B7%B6%7BO%8F%BB%80%96%26q%DA%2B%AA%FB%95%F1%7B%F1%DB%3B%203%13E%26_%9C%97%F6%E2%14%BA%1B%EC%A4%BE~%2AQ%7B%22%8C.%BE%AC%F6v%B2%A3%E8%C3d%909%01%0BC%B5f%AE%16%F6C%CB_%28v%F1f%94%F4%AA%97%5C%FDCN%7C%ADf%F91%29%E5%A8%F9%0DP%BA%9A_%A0%BB%F8%C6%C9%BF2%E4%98%83%9C%97%91%E2%1A9%EF%10%03%98%96%C5%8A%F6L%FB%F8%C3%0AY%10%00%9B%99%FD%24"
"90","1633004514.069169000","172.17.0.5","172.17.0.3","UDP (NDN)","148","Interest /ndn/edu/usalp/%C1.Router/router2/nlsr/INFO/%07%24%08%03ndn%08%03edu%08%05usalp%08%08%C1.Router%08%07router4"
"91","1633004514.069545000","172.17.0.5","172.17.0.8","UDP (NDN)","148","Interest /ndn/edu/usalp/%C1.Router/router7/nlsr/INFO/%07%24%08%03ndn%08%03edu%08%05usalp%08%08%C1.Router%08%07router4"
"92","1633004514.071684000","172.17.0.3","172.17.0.5","UDP (NDN)","294","Data /ndn/edu/usalp/%C1.Router/router2/nlsr/INFO/%07%24%08%03ndn%08%03edu%08%05usalp%08%08%C1.Router%08%07router4/35=%00%00%01%7C6%A7k%16"
"93","1633004514.071692000","172.17.0.8","172.17.0.5","UDP (NDN)","294","Data /ndn/edu/usalp/%C1.Router/router7/nlsr/INFO/%07%24%08%03ndn%08%03edu%08%05usalp%08%08%C1.Router%08%07router4/35=%00%00%01%7C6%A7k%16"
"94","1633004516.071474000","172.17.0.3","172.17.0.5","UDP (NDN)","148","Interest /ndn/edu/usalp/%C1.Router/router4/nlsr/INFO/%07%24%08%03ndn%08%03edu%08%05usalp%08%08%C1.Router%08%07router2"
"95","1633004516.073703000","172.17.0.5","172.17.0.3","UDP (NDN)","295","Data /ndn/edu/usalp/%C1.Router/router4/nlsr/INFO/%07%24%08%03ndn%08%03edu%08%05usalp%08%08%C1.Router%08%07router2/35=%00%00%01%7C6%A7r%E8"
"96","1633004524.141913000","172.17.0.3","172.17.0.5","UDP (NDN)","83","Interest /ndn/edu/uaslp/univ/class5"
"97","1633004524.142137000","172.17.0.5","172.17.0.8","UDP (NDN)","83","Interest /ndn/edu/uaslp/univ/class5"
"98","1633004524.143668000","172.17.0.8","172.17.0.5","UDP (NDN)","232","Data /ndn/edu/uaslp/univ/class5"
"99","1633004524.143968000","172.17.0.5","172.17.0.3","UDP (NDN)","232","Data /ndn/edu/uaslp/univ/class5"
"100","1633004526.263250000","172.17.0.8","172.17.0.5","UDP (NDN)","148","Interest /ndn/edu/usalp/%C1.Router/router4/nlsr/INFO/%07%24%08%03ndn%08%03edu%08%05usalp%08%08%C1.Router%08%07router7"
"101","1633004526.265777000","172.17.0.5","172.17.0.8","UDP (NDN)","295","Data /ndn/edu/usalp/%C1.Router/router4/nlsr/INFO/%07%24%08%03ndn%08%03edu%08%05usalp%08%08%C1.Router%08%07router7/35=%00%00%01%7C6%A7%9A%B8"
"102","1633004528.264249000","172.17.0.5","172.17.0.8","UDP (NDN)","148","Interest /ndn/edu/usalp/%C1.Router/router7/nlsr/INFO/%07%24%08%03ndn%08%03edu%08%05usalp%08%08%C1.Router%08%07router4"
"103","1633004528.266459000","172.17.0.8","172.17.0.5","UDP (NDN)","296","Data /ndn/edu/usalp/%C1.Router/router7/nlsr/INFO/%07%24%08%03ndn%08%03edu%08%05usalp%08%08%C1.Router%08%07router4/35=%00%00%01%7C6%A7%A2%89"
"104","1633004535.359181000","172.17.0.3","172.17.0.5","UDP (NDN)","83","Interest /ndn/edu/uaslp/univ/class4"
"105","1633004535.359490000","172.17.0.5","172.17.0.8","UDP (NDN)","83","Interest /ndn/edu/uaslp/univ/class4"
"106","1633004535.360894000","172.17.0.8","172.17.0.5","UDP (NDN)","232","Data /ndn/edu/uaslp/univ/class4"
"107","1633004535.361123000","172.17.0.5","172.17.0.3","UDP (NDN)","232","Data /ndn/edu/uaslp/univ/class4"
"108","1633004539.120176000","172.17.0.3","172.17.0.5","UDP (NDN)","631","Interest /localhop/ndn/nlsr/sync/35=%0A/x%DAc%60%40%01L%5D%D9%86%8C%8F%14%95%9F3%10%07%18%D9%1B%8C%82%CF%A7o%FC%0AbO%90%08%D8%D2%BB%E1%F2%27%909%939%AE%A6%A5%BE%7B%E7%00%12o%8F%08%8A%11%AD%9F%3A%09%C46%C9%8Ey%2C%FB6h%13%BA96%9D%82%13%B6%5D%2F%F9%05b%9F%5B%5B%2Cx%E4%F5%3Eyt5f%AE%AE%16%D2%8E%DA%27%18H%07%8C%EF%FD%3A%EBT%AEn%99%0Fb%7B%5EX%DE%B9y%BD%F0%1C%90%3B%AF%CA%BF_%B9%9B%2Bj1%90%CD%ECu%DE%E8%E3%9F%07%DE%29%E8z%B9%247%06%AD%AA%BB%7F%15%9F%F9%EB%13%A6%9D%7BZ%B82%01%C4%5E%EE%7F%B5cb%7F%D5v45LS%F5%D6%F7%3CN%FF%A3%0BR%F3%F6E%A4%93%ED%7F%97%5E%10%BB%20q%93l%C5y_%26t3%EF.x%E0%93Xv%27%12%C4%0Ei%3E%BA%F8NV%60%27%1E70%D9%18%0A%2F%3D%98%D5%22%09R%EF%FB%96%E3%5E%D7%2C%89%8Dx%DC%83%A2w6%F7%29%DD%1Fs~_B%0B%1F%94pCr3%CB%DE%E8%D8%7B%EB%CEO%8Ed%A0%1E%60-w%A9%17%CA%5B%FC%F8%22%1E5%2C%DB%AD%C2%A3J%23%0B%B2%89%0C%13b%D2%0CJ%1A%B6%E0%D1%FD%C2%A8%7Ds%069i%0C%29%FD%A3%88%FF%FD%C7%FE%2Fm%E6%E2%40t%F1%3D_%8A%ABN%FA%DF%D4%02%B1%83%BA6%D7%EA%3C%2FvA%CF%2F8%D2%1Ec6%AFR%B3%89%84%B9%3C%3E%F7%E0%C8kL%F5%FEO%3F%CD8%F82%10-%DF1%9D%99z0%7Dc%C3%14%0D4%F5%CC%EA%D3%B7%B6%7BO%8F%BB%80%96%26q%DA%2B%AA%FB%95%F1%7B%F1%DB%3B%203%13E%26_%9C%97%F6%E2%14%BA%1B%EC%A4%BE~%2AQ%7B%22%8C.%BE%AC%F6v%B2%A3%E8%C3d%909%01%0BC%B5f%AE%16%F6C%CB_%28v%F1f%94%F4%AA%97%5C%FDCN%7C%ADf%F91%29%E5%A8%F9%0DP%BA%9A_%A0%BB%F8%C6%C9%BF2%E4%98%83%9C%97%91%E2%1A9%EF%10%03%98%96%C5%8A%F6L%FB%F8%C3%0AY%10%00%9B%99%FD%24"
"109","1633004539.262832000","172.17.0.8","172.17.0.5","UDP (NDN)","631","Interest /localhop/ndn/nlsr/sync/35=%0A/x%DAc%60%40%01L%5D%D9%86%8C%8F%14%95%9F3%10%07%18%D9%1B%8C%82%CF%A7o%FC%0AbO%90%08%D8%D2%BB%E1%F2%27%909%939%AE%A6%A5%BE%7B%E7%00%12o%8F%08%8A%11%AD%9F%3A%09%C46%C9%8Ey%2C%FB6h%13%BA96%9D%82%13%B6%5D%2F%F9%05b%9F%5B%5B%2Cx%E4%F5%3Eyt5f%AE%AE%16%D2%8E%DA%27%18H%07%8C%EF%FD%3A%EBT%AEn%99%0Fb%7B%5EX%DE%B9y%BD%F0%1C%90%3B%AF%CA%BF_%B9%9B%2Bj1%90%CD%ECu%DE%E8%E3%9F%07%DE%29%E8z%B9%247%06%AD%AA%BB%7F%15%9F%F9%EB%13%A6%9D%7BZ%B82%01%C4%5E%EE%7F%B5cb%7F%D5v45LS%F5%D6%F7%3CN%FF%A3%0BR%F3%F6E%A4%93%ED%7F%97%5E%10%BB%20q%93l%C5y_%26t3%EF.x%E0%93Xv%27%12%C4%0Ei%3E%BA%F8NV%60%27%1E70%D9%18%0A%2F%3D%98%D5%22%09R%EF%FB%96%E3%5E%D7%2C%89%8Dx%DC%83%A2w6%F7%29%DD%1Fs~_B%0B%1F%94pCr3%CB%DE%E8%D8%7B%EB%CEO%8Ed%A0%1E%60-w%A9%17%CA%5B%FC%F8%22%1E5%2C%DB%AD%C2%A3J%23%0B%B2%89%0C%13b%D2%0CJ%1A%B6%E0%D1%FD%C2%A8%7Ds%069i%0C%29%FD%A3%88%FF%FD%C7%FE%2Fm%E6%E2%40t%F1%3D_%8A%ABN%FA%DF%D4%02%B1%83%BA6%D7%EA%3C%2FvA%CF%2F8%D2%1Ec6%AFR%B3%89%84%B9%3C%3E%F7%E0%C8kL%F5%FEO%3F%CD8%F82%10-%DF1%9D%99z0%7Dc%C3%14%0D4%F5%CC%EA%D3%B7%B6%7BO%8F%BB%80%96%26q%DA%2B%AA%FB%95%F1%7B%F1%DB%3B%203%13E%26_%9C%97%F6%E2%14%BA%1B%EC%A4%BE~%2AQ%7B%22%8C.%BE%AC%F6v%B2%A3%E8%C3d%909%01%0BC%B5f%AE%16%F6C%CB_%28v%F1f%94%F4%AA%97%5C%FDCN%7C%ADf%F91%29%E5%A8%F9%0DP%BA%9A_%A0%BB%F8%C6%C9%BF2%E4%98%83%9C%97%91%E2%1A9%EF%10%03%98%96%C5%8A%F6L%FB%F8%C3%0AY%10%00%9B%99%FD%24"
"110","1633004539.597814000","172.17.0.5","172.17.0.3","UDP (NDN)","631","Interest /localhop/ndn/nlsr/sync/35=%0A/x%DAc%60%40%01L%5D%D9%86%8C%8F%14%95%9F3%10%07%18%D9%1B%8C%82%CF%A7o%FC%0AbO%90%08%D8%D2%BB%E1%F2%27%909%939%AE%A6%A5%BE%7B%E7%00%12o%8F%08%8A%11%AD%9F%3A%09%C46%C9%8Ey%2C%FB6h%13%BA96%9D%82%13%B6%5D%2F%F9%05b%9F%5B%5B%2Cx%E4%F5%3Eyt5f%AE%AE%16%D2%8E%DA%27%18H%07%8C%EF%FD%3A%EBT%AEn%99%0Fb%7B%5EX%DE%B9y%BD%F0%1C%90%3B%AF%CA%BF_%B9%9B%2Bj1%90%CD%ECu%DE%E8%E3%9F%07%DE%29%E8z%B9%247%06%AD%AA%BB%7F%15%9F%F9%EB%13%A6%9D%7BZ%B82%01%C4%5E%EE%7F%B5cb%7F%D5v45LS%F5%D6%F7%3CN%FF%A3%0BR%F3%F6E%A4%93%ED%7F%97%5E%10%BB%20q%93l%C5y_%26t3%EF.x%E0%93Xv%27%12%C4%0Ei%3E%BA%F8NV%60%27%1E70%D9%18%0A%2F%3D%98%D5%22%09R%EF%FB%96%E3%5E%D7%2C%89%8Dx%DC%83%A2w6%F7%29%DD%1Fs~_B%0B%1F%94pCr3%CB%DE%E8%D8%7B%EB%CEO%8Ed%A0%1E%60-w%A9%17%CA%5B%FC%F8%22%1E5%2C%DB%AD%C2%A3J%23%0B%B2%89%0C%13b%D2%0CJ%1A%B6%E0%D1%FD%C2%A8%7Ds%069i%0C%29%FD%A3%88%FF%FD%C7%FE%2Fm%E6%E2%40t%F1%3D_%8A%ABN%FA%DF%D4%02%B1%83%BA6%D7%EA%3C%2FvA%CF%2F8%D2%1Ec6%AFR%B3%89%84%B9%3C%3E%F7%E0%C8kL%F5%FEO%3F%CD8%F82%10-%DF1%9D%99z0%7Dc%C3%14%0D4%F5%CC%EA%D3%B7%B6%7BO%8F%BB%80%96%26q%DA%2B%AA%FB%95%F1%7B%F1%DB%3B%203%13E%26_%9C%97%F6%E2%14%BA%1B%EC%A4%BE~%2AQ%7B%22%8C.%BE%AC%F6v%B2%A3%E8%C3d%909%01%0BC%B5f%AE%16%F6C%CB_%28v%F1f%94%F4%AA%97%5C%FDCN%7C%ADf%F91%29%E5%A8%F9%0DP%BA%9A_%A0%BB%F8%C6%C9%BF2%E4%98%83%9C%97%91%E2%1A9%EF%10%03%98%96%C5%8A%F6L%FB%F8%C3%0AY%10%00%9B%99%FD%24"
"111","1633004539.598340000","172.17.0.5","172.17.0.8","UDP (NDN)","631","Interest /localhop/ndn/nlsr/sync/35=%0A/x%DAc%60%40%01L%5D%D9%86%8C%8F%14%95%9F3%10%07%18%D9%1B%8C%82%CF%A7o%FC%0AbO%90%08%D8%D2%BB%E1%F2%27%909%939%AE%A6%A5%BE%7B%E7%00%12o%8F%08%8A%11%AD%9F%3A%09%C46%C9%8Ey%2C%FB6h%13%BA96%9D%82%13%B6%5D%2F%F9%05b%9F%5B%5B%2Cx%E4%F5%3Eyt5f%AE%AE%16%D2%8E%DA%27%18H%07%8C%EF%FD%3A%EBT%AEn%99%0Fb%7B%5EX%DE%B9y%BD%F0%1C%90%3B%AF%CA%BF_%B9%9B%2Bj1%90%CD%ECu%DE%E8%E3%9F%07%DE%29%E8z%B9%247%06%AD%AA%BB%7F%15%9F%F9%EB%13%A6%9D%7BZ%B82%01%C4%5E%EE%7F%B5cb%7F%D5v45LS%F5%D6%F7%3CN%FF%A3%0BR%F3%F6E%A4%93%ED%7F%97%5E%10%BB%20q%93l%C5y_%26t3%EF.x%E0%93Xv%27%12%C4%0Ei%3E%BA%F8NV%60%27%1E70%D9%18%0A%2F%3D%98%D5%22%09R%EF%FB%96%E3%5E%D7%2C%89%8Dx%DC%83%A2w6%F7%29%DD%1Fs~_B%0B%1F%94pCr3%CB%DE%E8%D8%7B%EB%CEO%8Ed%A0%1E%60-w%A9%17%CA%5B%FC%F8%22%1E5%2C%DB%AD%C2%A3J%23%0B%B2%89%0C%13b%D2%0CJ%1A%B6%E0%D1%FD%C2%A8%7Ds%069i%0C%29%FD%A3%88%FF%FD%C7%FE%2Fm%E6%E2%40t%F1%3D_%8A%ABN%FA%DF%D4%02%B1%83%BA6%D7%EA%3C%2FvA%CF%2F8%D2%1Ec6%AFR%B3%89%84%B9%3C%3E%F7%E0%C8kL%F5%FEO%3F%CD8%F82%10-%DF1%9D%99z0%7Dc%C3%14%0D4%F5%CC%EA%D3%B7%B6%7BO%8F%BB%80%96%26q%DA%2B%AA%FB%95%F1%7B%F1%DB%3B%203%13E%26_%9C%97%F6%E2%14%BA%1B%EC%A4%BE~%2AQ%7B%22%8C.%BE%AC%F6v%B2%A3%E8%C3d%909%01%0BC%B5f%AE%16%F6C%CB_%28v%F1f%94%F4%AA%97%5C%FDCN%7C%ADf%F91%29%E5%A8%F9%0DP%BA%9A_%A0%BB%F8%C6%C9%BF2%E4%98%83%9C%97%91%E2%1A9%EF%10%03%98%96%C5%8A%F6L%FB%F8%C3%0AY%10%00%9B%99%FD%24"
"112","1633004540.419985000",,,"ARP","42","Who has 172.17.0.8? Tell 172.17.0.5"
"113","1633004540.420029000",,,"ARP","42","Who has 172.17.0.3? Tell 172.17.0.5"
"114","1633004540.420109000",,,"ARP","42","Who has 172.17.0.5? Tell 172.17.0.3"
"115","1633004540.420124000",,,"ARP","42","172.17.0.5 is at 02:42:ac:11:00:05"
"116","1633004540.420131000",,,"ARP","42","172.17.0.3 is at 02:42:ac:11:00:03"
"117","1633004540.420748000",,,"ARP","42","172.17.0.8 is at 02:42:ac:11:00:08"
"118","1633004565.911995000","172.17.0.3","172.17.0.5","UDP (NDN)","148","Interest /ndn/edu/usalp/%C1.Router/router4/nlsr/INFO/%07%24%08%03ndn%08%03edu%08%05usalp%08%08%C1.Router%08%07router2"
"119","1633004565.912876000","172.17.0.5","172.17.0.3","UDP (NDN)","295","Data /ndn/edu/usalp/%C1.Router/router4/nlsr/INFO/%07%24%08%03ndn%08%03edu%08%05usalp%08%08%C1.Router%08%07router2/35=%00%00%01%7C6%A85%98"
"120","1633004569.536108000","172.17.0.3","172.17.0.5","UDP (NDN)","631","Interest /localhop/ndn/nlsr/sync/35=%0A/x%DAc%60%40%01L%5D%D9%86%8C%8F%14%95%9F3%10%07%18%D9%1B%8C%82%CF%A7o%FC%0AbO%90%08%D8%D2%BB%E1%F2%27%909%939%AE%A6%A5%BE%7B%E7%00%12o%8F%08%8A%11%AD%9F%3A%09%C46%C9%8Ey%2C%FB6h%13%BA96%9D%82%13%B6%5D%2F%F9%05b%9F%5B%5B%2Cx%E4%F5%3Eyt5f%AE%AE%16%D2%8E%DA%27%18H%07%8C%EF%FD%3A%EBT%AEn%99%0Fb%7B%5EX%DE%B9y%BD%F0%1C%90%3B%AF%CA%BF_%B9%9B%2Bj1%90%CD%ECu%DE%E8%E3%9F%07%DE%29%E8z%B9%247%06%AD%AA%BB%7F%15%9F%F9%EB%13%A6%9D%7BZ%B82%01%C4%5E%EE%7F%B5cb%7F%D5v45LS%F5%D6%F7%3CN%FF%A3%0BR%F3%F6E%A4%93%ED%7F%97%5E%10%BB%20q%93l%C5y_%26t3%EF.x%E0%93Xv%27%12%C4%0Ei%3E%BA%F8NV%60%27%1E70%D9%18%0A%2F%3D%98%D5%22%09R%EF%FB%96%E3%5E%D7%2C%89%8Dx%DC%83%A2w6%F7%29%DD%1Fs~_B%0B%1F%94pCr3%CB%DE%E8%D8%7B%EB%CEO%8Ed%A0%1E%60-w%A9%17%CA%5B%FC%F8%22%1E5%2C%DB%AD%C2%A3J%23%0B%B2%89%0C%13b%D2%0CJ%1A%B6%E0%D1%FD%C2%A8%7Ds%069i%0C%29%FD%A3%88%FF%FD%C7%FE%2Fm%E6%E2%40t%F1%3D_%8A%ABN%FA%DF%D4%02%B1%83%BA6%D7%EA%3C%2FvA%CF%2F8%D2%1Ec6%AFR%B3%89%84%B9%3C%3E%F7%E0%C8kL%F5%FEO%3F%CD8%F82%10-%DF1%9D%99z0%7Dc%C3%14%0D4%F5%CC%EA%D3%B7%B6%7BO%8F%BB%80%96%26q%DA%2B%AA%FB%95%F1%7B%F1%DB%3B%203%13E%26_%9C%97%F6%E2%14%BA%1B%EC%A4%BE~%2AQ%7B%22%8C.%BE%AC%F6v%B2%A3%E8%C3d%909%01%0BC%B5f%AE%16%F6C%CB_%28v%F1f%94%F4%AA%97%5C%FDCN%7C%ADf%F91%29%E5%A8%F9%0DP%BA%9A_%A0%BB%F8%C6%C9%BF2%E4%98%83%9C%97%91%E2%1A9%EF%10%03%98%96%C5%8A%F6L%FB%F8%C3%0AY%10%00%9B%99%FD%24"
"121","1633004569.630865000","172.17.0.8","172.17.0.5","UDP (NDN)","631","Interest /localhop/ndn/nlsr/sync/35=%0A/x%DAc%60%40%01L%5D%D9%86%8C%8F%14%95%9F3%10%07%18%D9%1B%8C%82%CF%A7o%FC%0AbO%90%08%D8%D2%BB%E1%F2%27%909%939%AE%A6%A5%BE%7B%E7%00%12o%8F%08%8A%11%AD%9F%3A%09%C46%C9%8Ey%2C%FB6h%13%BA96%9D%82%13%B6%5D%2F%F9%05b%9F%5B%5B%2Cx%E4%F5%3Eyt5f%AE%AE%16%D2%8E%DA%27%18H%07%8C%EF%FD%3A%EBT%AEn%99%0Fb%7B%5EX%DE%B9y%BD%F0%1C%90%3B%AF%CA%BF_%B9%9B%2Bj1%90%CD%ECu%DE%E8%E3%9F%07%DE%29%E8z%B9%247%06%AD%AA%BB%7F%15%9F%F9%EB%13%A6%9D%7BZ%B82%01%C4%5E%EE%7F%B5cb%7F%D5v45LS%F5%D6%F7%3CN%FF%A3%0BR%F3%F6E%A4%93%ED%7F%97%5E%10%BB%20q%93l%C5y_%26t3%EF.x%E0%93Xv%27%12%C4%0Ei%3E%BA%F8NV%60%27%1E70%D9%18%0A%2F%3D%98%D5%22%09R%EF%FB%96%E3%5E%D7%2C%89%8Dx%DC%83%A2w6%F7%29%DD%1Fs~_B%0B%1F%94pCr3%CB%DE%E8%D8%7B%EB%CEO%8Ed%A0%1E%60-w%A9%17%CA%5B%FC%F8%22%1E5%2C%DB%AD%C2%A3J%23%0B%B2%89%0C%13b%D2%0CJ%1A%B6%E0%D1%FD%C2%A8%7Ds%069i%0C%29%FD%A3%88%FF%FD%C7%FE%2Fm%E6%E2%40t%F1%3D_%8A%ABN%FA%DF%D4%02%B1%83%BA6%D7%EA%3C%2FvA%CF%2F8%D2%1Ec6%AFR%B3%89%84%B9%3C%3E%F7%E0%C8kL%F5%FEO%3F%CD8%F82%10-%DF1%9D%99z0%7Dc%C3%14%0D4%F5%CC%EA%D3%B7%B6%7BO%8F%BB%80%96%26q%DA%2B%AA%FB%95%F1%7B%F1%DB%3B%203%13E%26_%9C%97%F6%E2%14%BA%1B%EC%A4%BE~%2AQ%7B%22%8C.%BE%AC%F6v%B2%A3%E8%C3d%909%01%0BC%B5f%AE%16%F6C%CB_%28v%F1f%94%F4%AA%97%5C%FDCN%7C%ADf%F91%29%E5%A8%F9%0DP%BA%9A_%A0%BB%F8%C6%C9%BF2%E4%98%83%9C%97%91%E2%1A9%EF%10%03%98%96%C5%8A%F6L%FB%F8%C3%0AY%10%00%9B%99%FD%24"
